{"cameraMode":{"drawMode":0,"name":"Shaded","section":"Shading Mode"},"sceneLighting":false,"audioPlay":false,"sceneViewState":{"showFog":false,"showMaterialUpdate":false,"showSkybox":true,"showFlares":false,"showImageEffects":false,"showParticleSystems":false},"in2DMode":false,"pivot":{"x":-1.010535717010498,"y":-2.555830955505371,"z":-0.8161816596984863},"rotation":{"x":-0.13888989388942719,"y":0.8571429252624512,"z":-0.39238786697387698,"w":-0.3033949136734009},"size":16.79825782775879,"orthographic":false}